PCT,Name,Borough,2015,2016,2017,Avg,Diff,Variance
22,Central Park,Manhattan,399.20000000000005,284.20000000000005,242.8,341.70000000000005,-98.90000000000003,-0.40733113673805615
103,Hollis,Queens,8972.800000000001,7870.0,6768.7,8421.400000000001,-1652.7000000000016,-0.2441680086279495
103,Jamaica,Queens,8972.800000000001,7870.0,6768.7,8421.400000000001,-1652.7000000000016,-0.2441680086279495
103,Jamaica Hills,Queens,8972.800000000001,7870.0,6768.7,8421.400000000001,-1652.7000000000016,-0.2441680086279495
41,Hunts Point,Bronx,6083.9,6132.799999999999,5270.099999999999,6108.349999999999,-838.25,-0.15905770288988824
41,Longwood,Bronx,6083.9,6132.799999999999,5270.099999999999,6108.349999999999,-838.25,-0.15905770288988824
40,Melrose,Bronx,13403.500000000002,12918.3,11541.9,13160.900000000001,-1619.0000000000018,-0.14027153241667334
40,Mott Haven,Bronx,13403.500000000002,12918.3,11541.9,13160.900000000001,-1619.0000000000018,-0.14027153241667334
40,Port Morris,Bronx,13403.500000000002,12918.3,11541.9,13160.900000000001,-1619.0000000000018,-0.14027153241667334
73,Brownsville,Brooklyn,9577.800000000001,9111.800000000001,8354.5,9344.800000000001,-990.3000000000011,-0.11853492129989839
113,Springfield Gardens,Queens,7475.6,7354.0,6642.7,7414.8,-772.1000000000004,-0.11623285712135131
113,St. Albans,Queens,7475.6,7354.0,6642.7,7414.8,-772.1000000000004,-0.11623285712135131
60,Brighton Beach,Brooklyn,6472.1,5747.2,5490.1,6109.65,-619.5499999999993,-0.11284858199304187
60,Coney Island,Brooklyn,6472.1,5747.2,5490.1,6109.65,-619.5499999999993,-0.11284858199304187
60,Sea Gate,Brooklyn,6472.1,5747.2,5490.1,6109.65,-619.5499999999993,-0.11284858199304187
110,Corona,Queens,6512.8,6157.3,5705.7,6335.05,-629.3500000000004,-0.11030197872303142
110,Elmhurst,Queens,6512.8,6157.3,5705.7,6335.05,-629.3500000000004,-0.11030197872303142
110,Flushing Meadows Corona Park,Queens,6512.8,6157.3,5705.7,6335.05,-629.3500000000004,-0.11030197872303142
102,Kew Gardens,Queens,5352.7,5255.5,4805.7,5304.1,-498.40000000000055,-0.10371017749755511
102,Kew Gardens Hills,Queens,5352.7,5255.5,4805.7,5304.1,-498.40000000000055,-0.10371017749755511
102,Richmond Hill,Queens,5352.7,5255.5,4805.7,5304.1,-498.40000000000055,-0.10371017749755511
102,Woodhaven,Queens,5352.7,5255.5,4805.7,5304.1,-498.40000000000055,-0.10371017749755511
9,East Village,Manhattan,5456.6,5457.900000000001,4951.8,5457.25,-505.4499999999998,-0.1020739932953673
9,NoHo,Manhattan,5456.6,5457.900000000001,4951.8,5457.25,-505.4499999999998,-0.1020739932953673
111,Alley Pond Park,Queens,2505.7999999999997,2610.0,2327.0,2557.8999999999996,-230.89999999999964,-0.09922647185217003
111,Bayside,Queens,2505.7999999999997,2610.0,2327.0,2557.8999999999996,-230.89999999999964,-0.09922647185217003
111,Douglaston,Queens,2505.7999999999997,2610.0,2327.0,2557.8999999999996,-230.89999999999964,-0.09922647185217003
111,Hollis Hills,Queens,2505.7999999999997,2610.0,2327.0,2557.8999999999996,-230.89999999999964,-0.09922647185217003
111,Little Neck,Queens,2505.7999999999997,2610.0,2327.0,2557.8999999999996,-230.89999999999964,-0.09922647185217003
46,Morris Heights,Bronx,9112.7,8908.3,8213.300000000001,9010.5,-797.1999999999989,-0.09706208223247645
46,Mount Hope,Bronx,9112.7,8908.3,8213.300000000001,9010.5,-797.1999999999989,-0.09706208223247645
66,Borough Park,Brooklyn,3994.7,3848.2,3583.5,3921.45,-337.9499999999998,-0.09430724152365001
66,Kensington,Brooklyn,3994.7,3848.2,3583.5,3921.45,-337.9499999999998,-0.09430724152365001
121,Arlington,Staten Island,6056.0,5778.1,5415.1,5917.05,-501.9499999999998,-0.09269450240992776
121,Bloomfield,Staten Island,6056.0,5778.1,5415.1,5917.05,-501.9499999999998,-0.09269450240992776
121,Bull's Head,Staten Island,6056.0,5778.1,5415.1,5917.05,-501.9499999999998,-0.09269450240992776
121,Castleton Corners,Staten Island,6056.0,5778.1,5415.1,5917.05,-501.9499999999998,-0.09269450240992776
121,Chelsea,Staten Island,6056.0,5778.1,5415.1,5917.05,-501.9499999999998,-0.09269450240992776
121,"Chelsea, Staten Island",Staten Island,6056.0,5778.1,5415.1,5917.05,-501.9499999999998,-0.09269450240992776
121,Freshkills Park,Staten Island,6056.0,5778.1,5415.1,5917.05,-501.9499999999998,-0.09269450240992776
121,Graniteville,Staten Island,6056.0,5778.1,5415.1,5917.05,-501.9499999999998,-0.09269450240992776
121,Howland Hook,Staten Island,6056.0,5778.1,5415.1,5917.05,-501.9499999999998,-0.09269450240992776
121,Mariners Harbor,Staten Island,6056.0,5778.1,5415.1,5917.05,-501.9499999999998,-0.09269450240992776
121,New Springville,Staten Island,6056.0,5778.1,5415.1,5917.05,-501.9499999999998,-0.09269450240992776
121,Port Ivory,Staten Island,6056.0,5778.1,5415.1,5917.05,-501.9499999999998,-0.09269450240992776
121,Port Richmond,Staten Island,6056.0,5778.1,5415.1,5917.05,-501.9499999999998,-0.09269450240992776
121,Richmondtown,Staten Island,6056.0,5778.1,5415.1,5917.05,-501.9499999999998,-0.09269450240992776
121,Westerleigh,Staten Island,6056.0,5778.1,5415.1,5917.05,-501.9499999999998,-0.09269450240992776
121,Willowbrook,Staten Island,6056.0,5778.1,5415.1,5917.05,-501.9499999999998,-0.09269450240992776
88,Clinton Hill,Brooklyn,3630.4,3637.1,3330.1,3633.75,-303.6500000000001,-0.0911834479445062
88,Fort Greene,Brooklyn,3630.4,3637.1,3330.1,3633.75,-303.6500000000001,-0.0911834479445062
71,Prospect-Lefferts Gardens,Brooklyn,6363.0,6230.400000000001,5785.200000000001,6296.700000000001,-511.5,-0.08841526654221114
75,Cypress Hills,Brooklyn,15612.7,14357.1,13800.9,14984.900000000001,-1184.0000000000018,-0.08579150635103522
75,East New York,Brooklyn,15612.7,14357.1,13800.9,14984.900000000001,-1184.0000000000018,-0.08579150635103522
63,Flatlands,Brooklyn,4301.4,4238.5,3933.1000000000004,4269.95,-336.84999999999945,-0.08564491113879623
63,Floyd Bennett Field,Brooklyn,4301.4,4238.5,3933.1000000000004,4269.95,-336.84999999999945,-0.08564491113879623
63,Marine Park,Brooklyn,4301.4,4238.5,3933.1000000000004,4269.95,-336.84999999999945,-0.08564491113879623
63,Mill Basin,Brooklyn,4301.4,4238.5,3933.1000000000004,4269.95,-336.84999999999945,-0.08564491113879623
123,Arden Heights,Staten Island,2456.6000000000004,2330.1000000000004,2208.7,2393.3500000000004,-184.65000000000055,-0.08360121338343847
123,Charleston,Staten Island,2456.6000000000004,2330.1000000000004,2208.7,2393.3500000000004,-184.65000000000055,-0.08360121338343847
123,Huguenot,Staten Island,2456.6000000000004,2330.1000000000004,2208.7,2393.3500000000004,-184.65000000000055,-0.08360121338343847
123,Pleasant Plains,Staten Island,2456.6000000000004,2330.1000000000004,2208.7,2393.3500000000004,-184.65000000000055,-0.08360121338343847
123,Prince's Bay,Staten Island,2456.6000000000004,2330.1000000000004,2208.7,2393.3500000000004,-184.65000000000055,-0.08360121338343847
123,Rossville,Staten Island,2456.6000000000004,2330.1000000000004,2208.7,2393.3500000000004,-184.65000000000055,-0.08360121338343847
123,Tottenville,Staten Island,2456.6000000000004,2330.1000000000004,2208.7,2393.3500000000004,-184.65000000000055,-0.08360121338343847
123,Woodrow,Staten Island,2456.6000000000004,2330.1000000000004,2208.7,2393.3500000000004,-184.65000000000055,-0.08360121338343847
43,Castle Hill,Bronx,10755.1,10500.5,9825.2,10627.8,-802.5999999999985,-0.08168790457191696
43,Clason Point,Bronx,10755.1,10500.5,9825.2,10627.8,-802.5999999999985,-0.08168790457191696
43,Parkchester,Bronx,10755.1,10500.5,9825.2,10627.8,-802.5999999999985,-0.08168790457191696
43,Soundview,Bronx,10755.1,10500.5,9825.2,10627.8,-802.5999999999985,-0.08168790457191696
43,Westchester Square,Bronx,10755.1,10500.5,9825.2,10627.8,-802.5999999999985,-0.08168790457191696
48,Belmont,Bronx,7826.000000000001,7508.6,7170.5,7667.300000000001,-496.8000000000011,-0.06928387141761398
48,Crotona Park,Bronx,7826.000000000001,7508.6,7170.5,7667.300000000001,-496.8000000000011,-0.06928387141761398
48,Tremont,Bronx,7826.000000000001,7508.6,7170.5,7667.300000000001,-496.8000000000011,-0.06928387141761398
48,West Farms,Bronx,7826.000000000001,7508.6,7170.5,7667.300000000001,-496.8000000000011,-0.06928387141761398
44,Concourse,Bronx,11888.8,11419.6,10920.8,11654.2,-733.4000000000015,-0.06715625228920973
44,Highbridge,Bronx,11888.8,11419.6,10920.8,11654.2,-733.4000000000015,-0.06715625228920973
44,Mount Eden,Bronx,11888.8,11419.6,10920.8,11654.2,-733.4000000000015,-0.06715625228920973
13,Flatiron District,Manhattan,7437.099999999999,6862.0,6700.4,7149.549999999999,-449.14999999999964,-0.06703331144409284
13,Gramercy,Manhattan,7437.099999999999,6862.0,6700.4,7149.549999999999,-449.14999999999964,-0.06703331144409284
13,Kips Bay,Manhattan,7437.099999999999,6862.0,6700.4,7149.549999999999,-449.14999999999964,-0.06703331144409284
13,Stuyvesant Town,Manhattan,7437.099999999999,6862.0,6700.4,7149.549999999999,-449.14999999999964,-0.06703331144409284
101,Bayswater,Queens,4205.7,4246.4,3966.3,4226.049999999999,-259.7499999999991,-0.06548924690517588
101,Edgemere,Queens,4205.7,4246.4,3966.3,4226.049999999999,-259.7499999999991,-0.06548924690517588
101,Far Rockaway,Queens,4205.7,4246.4,3966.3,4226.049999999999,-259.7499999999991,-0.06548924690517588
23,East Harlem,Manhattan,6171.900000000001,6226.8,5819.9,6199.35,-379.4500000000007,-0.06519871475454918
23,Randall's Island,Manhattan,6171.900000000001,6226.8,5819.9,6199.35,-379.4500000000007,-0.06519871475454918
77,Crown Heights,Brooklyn,6208.900000000001,6012.8,5748.6,6110.85,-362.25,-0.06301534286608913
77,Prospect Heights,Brooklyn,6208.900000000001,6012.8,5748.6,6110.85,-362.25,-0.06301534286608913
62,Bath Beach,Brooklyn,5247.700000000001,4855.0,4759.6,5051.35,-291.75,-0.061297167829229345
62,Bensonhurst,Brooklyn,5247.700000000001,4855.0,4759.6,5051.35,-291.75,-0.061297167829229345
106,Howard Beach,Queens,5558.0,5494.3,5244.0,5526.15,-282.14999999999964,-0.05380434782608689
106,Ozone Park,Queens,5558.0,5494.3,5244.0,5526.15,-282.14999999999964,-0.05380434782608689
106,South Ozone Park,Queens,5558.0,5494.3,5244.0,5526.15,-282.14999999999964,-0.05380434782608689
105,Bellerose,Queens,6777.599999999999,6446.200000000001,6279.099999999999,6611.9,-332.8000000000002,-0.053001226290391966
105,Cambria Heights,Queens,6777.599999999999,6446.200000000001,6279.099999999999,6611.9,-332.8000000000002,-0.053001226290391966
105,Floral Park,Queens,6777.599999999999,6446.200000000001,6279.099999999999,6611.9,-332.8000000000002,-0.053001226290391966
105,Glen Oaks,Queens,6777.599999999999,6446.200000000001,6279.099999999999,6611.9,-332.8000000000002,-0.053001226290391966
105,John F. Kennedy International Airport,Queens,6777.599999999999,6446.200000000001,6279.099999999999,6611.9,-332.8000000000002,-0.053001226290391966
105,Laurelton,Queens,6777.599999999999,6446.200000000001,6279.099999999999,6611.9,-332.8000000000002,-0.053001226290391966
105,Queens Village,Queens,6777.599999999999,6446.200000000001,6279.099999999999,6611.9,-332.8000000000002,-0.053001226290391966
105,Rosedale,Queens,6777.599999999999,6446.200000000001,6279.099999999999,6611.9,-332.8000000000002,-0.053001226290391966
69,Bergen Beach,Brooklyn,4354.8,4324.7,4124.2,4339.75,-215.55000000000018,-0.052264681635226275
69,Canarsie,Brooklyn,4354.8,4324.7,4124.2,4339.75,-215.55000000000018,-0.052264681635226275
70,Flatbush,Brooklyn,6904.700000000001,6572.500000000001,6422.6,6738.6,-316.0,-0.04920125805748451
70,Midwood,Brooklyn,6904.700000000001,6572.500000000001,6422.6,6738.6,-316.0,-0.04920125805748451
70,Prospect Park,Brooklyn,6904.700000000001,6572.500000000001,6422.6,6738.6,-316.0,-0.04920125805748451
122,Arrochar,Staten Island,4320.5,4358.299999999999,4139.3,4339.4,-200.09999999999945,-0.04834150701809471
122,Bay Terrace,Staten Island,4320.5,4358.299999999999,4139.3,4339.4,-200.09999999999945,-0.04834150701809471
122,"Bay Terrace, Staten Island",Staten Island,4320.5,4358.299999999999,4139.3,4339.4,-200.09999999999945,-0.04834150701809471
122,Dongan Hills,Staten Island,4320.5,4358.299999999999,4139.3,4339.4,-200.09999999999945,-0.04834150701809471
122,Eltingville,Staten Island,4320.5,4358.299999999999,4139.3,4339.4,-200.09999999999945,-0.04834150701809471
122,Emerson Hill,Staten Island,4320.5,4358.299999999999,4139.3,4339.4,-200.09999999999945,-0.04834150701809471
122,Grant City,Staten Island,4320.5,4358.299999999999,4139.3,4339.4,-200.09999999999945,-0.04834150701809471
122,Great Kills,Staten Island,4320.5,4358.299999999999,4139.3,4339.4,-200.09999999999945,-0.04834150701809471
122,Great Kills Park,Staten Island,4320.5,4358.299999999999,4139.3,4339.4,-200.09999999999945,-0.04834150701809471
122,Hoffman Island,Staten Island,4320.5,4358.299999999999,4139.3,4339.4,-200.09999999999945,-0.04834150701809471
122,Latourette Park,Staten Island,4320.5,4358.299999999999,4139.3,4339.4,-200.09999999999945,-0.04834150701809471
122,Lighthouse Hill,Staten Island,4320.5,4358.299999999999,4139.3,4339.4,-200.09999999999945,-0.04834150701809471
122,Midland Beach,Staten Island,4320.5,4358.299999999999,4139.3,4339.4,-200.09999999999945,-0.04834150701809471
122,New Dorp,Staten Island,4320.5,4358.299999999999,4139.3,4339.4,-200.09999999999945,-0.04834150701809471
122,New Dorp Beach,Staten Island,4320.5,4358.299999999999,4139.3,4339.4,-200.09999999999945,-0.04834150701809471
122,Oakwood,Staten Island,4320.5,4358.299999999999,4139.3,4339.4,-200.09999999999945,-0.04834150701809471
122,South Beach,Staten Island,4320.5,4358.299999999999,4139.3,4339.4,-200.09999999999945,-0.04834150701809471
122,Todt Hill,Staten Island,4320.5,4358.299999999999,4139.3,4339.4,-200.09999999999945,-0.04834150701809471
78,Park Slope,Brooklyn,3689.6,3690.2,3526.0,3689.8999999999996,-163.89999999999964,-0.04648326715825288
50,Fieldston,Bronx,3908.5,3982.2999999999997,3771.8,3945.3999999999996,-173.59999999999945,-0.04602577018929939
50,Kingsbridge,Bronx,3908.5,3982.2999999999997,3771.8,3945.3999999999996,-173.59999999999945,-0.04602577018929939
50,Marble Hill,Manhattan,3908.5,3982.2999999999997,3771.8,3945.3999999999996,-173.59999999999945,-0.04602577018929939
50,North Riverdale,Bronx,3908.5,3982.2999999999997,3771.8,3945.3999999999996,-173.59999999999945,-0.04602577018929939
50,Riverdale,Bronx,3908.5,3982.2999999999997,3771.8,3945.3999999999996,-173.59999999999945,-0.04602577018929939
50,Spuyten Duyvil,Bronx,3908.5,3982.2999999999997,3771.8,3945.3999999999996,-173.59999999999945,-0.04602577018929939
50,Van Cortlandt Park,Bronx,3908.5,3982.2999999999997,3771.8,3945.3999999999996,-173.59999999999945,-0.04602577018929939
45,City Island,Bronx,5415.8,5356.0,5157.900000000001,5385.9,-227.9999999999991,-0.04420403652649316
45,Co-op City,Bronx,5415.8,5356.0,5157.900000000001,5385.9,-227.9999999999991,-0.04420403652649316
45,Country Club,Bronx,5415.8,5356.0,5157.900000000001,5385.9,-227.9999999999991,-0.04420403652649316
45,Ferry Point Park,Bronx,5415.8,5356.0,5157.900000000001,5385.9,-227.9999999999991,-0.04420403652649316
45,Hart Island,Bronx,5415.8,5356.0,5157.900000000001,5385.9,-227.9999999999991,-0.04420403652649316
45,Pelham Bay,Bronx,5415.8,5356.0,5157.900000000001,5385.9,-227.9999999999991,-0.04420403652649316
45,Pelham Bay Park,Bronx,5415.8,5356.0,5157.900000000001,5385.9,-227.9999999999991,-0.04420403652649316
45,Pelham Islands,Bronx,5415.8,5356.0,5157.900000000001,5385.9,-227.9999999999991,-0.04420403652649316
45,Schuylerville,Bronx,5415.8,5356.0,5157.900000000001,5385.9,-227.9999999999991,-0.04420403652649316
45,Throgs Neck,Bronx,5415.8,5356.0,5157.900000000001,5385.9,-227.9999999999991,-0.04420403652649316
5,Chinatown,Manhattan,4323.0,4379.4,4187.400000000001,4351.2,-163.79999999999927,-0.03911735205616833
5,Civic Center,Manhattan,4323.0,4379.4,4187.400000000001,4351.2,-163.79999999999927,-0.03911735205616833
5,Little Italy,Manhattan,4323.0,4379.4,4187.400000000001,4351.2,-163.79999999999927,-0.03911735205616833
5,Nolita,Manhattan,4323.0,4379.4,4187.400000000001,4351.2,-163.79999999999927,-0.03911735205616833
28,Harlem,Manhattan,5207.5,5782.4,5296.700000000001,5494.95,-198.2499999999991,-0.03742896520474995
83,Bushwick,Brooklyn,6334.6,6276.1,6088.4,6305.35,-216.95000000000073,-0.035633335523290316
67,East Flatbush,Brooklyn,8830.7,9000.2,8610.400000000001,8915.45,-305.0499999999993,-0.035428086964600855
90,Williamsburg,Brooklyn,6531.8,6345.400000000001,6246.7,6438.6,-191.90000000000055,-0.030720220276305978
26,Morningside Heights,Manhattan,2892.1,2981.1000000000004,2850.4000000000005,2936.6000000000004,-86.19999999999982,-0.030241369632332236
79,Bedford-Stuyvesant,Brooklyn,6948.5,6875.7,6757.3,6912.1,-154.80000000000018,-0.02290855815192461
42,Claremont Village,Bronx,7326.2,7763.8,7431.7,7545.0,-113.30000000000018,-0.015245502374961339
42,Concourse Village,Bronx,7326.2,7763.8,7431.7,7545.0,-113.30000000000018,-0.015245502374961339
42,East Morrisania,Bronx,7326.2,7763.8,7431.7,7545.0,-113.30000000000018,-0.015245502374961339
42,Morrisania,Bronx,7326.2,7763.8,7431.7,7545.0,-113.30000000000018,-0.015245502374961339
94,Greenpoint,Brooklyn,3378.6000000000004,3441.0,3360.1000000000004,3409.8,-49.69999999999982,-0.014791226451593647
76,Carroll Gardens,Brooklyn,2469.1,2584.1,2493.3,2526.6,-33.29999999999973,-0.013355793526651316
76,Cobble Hill,Brooklyn,2469.1,2584.1,2493.3,2526.6,-33.29999999999973,-0.013355793526651316
76,Columbia St,Brooklyn,2469.1,2584.1,2493.3,2526.6,-33.29999999999973,-0.013355793526651316
76,Gowanus,Brooklyn,2469.1,2584.1,2493.3,2526.6,-33.29999999999973,-0.013355793526651316
76,Red Hook,Brooklyn,2469.1,2584.1,2493.3,2526.6,-33.29999999999973,-0.013355793526651316
120,Clifton,Staten Island,6772.200000000001,7105.299999999999,6884.4,6938.75,-54.350000000000364,-0.00789466039161007
120,Concord,Staten Island,6772.200000000001,7105.299999999999,6884.4,6938.75,-54.350000000000364,-0.00789466039161007
120,Fort Wadsworth,Staten Island,6772.200000000001,7105.299999999999,6884.4,6938.75,-54.350000000000364,-0.00789466039161007
120,Grymes Hill,Staten Island,6772.200000000001,7105.299999999999,6884.4,6938.75,-54.350000000000364,-0.00789466039161007
120,New Brighton,Staten Island,6772.200000000001,7105.299999999999,6884.4,6938.75,-54.350000000000364,-0.00789466039161007
120,Park Hill,Staten Island,6772.200000000001,7105.299999999999,6884.4,6938.75,-54.350000000000364,-0.00789466039161007
120,Randall Manor,Staten Island,6772.200000000001,7105.299999999999,6884.4,6938.75,-54.350000000000364,-0.00789466039161007
120,Rosebank,Staten Island,6772.200000000001,7105.299999999999,6884.4,6938.75,-54.350000000000364,-0.00789466039161007
120,Shore Acres,Staten Island,6772.200000000001,7105.299999999999,6884.4,6938.75,-54.350000000000364,-0.00789466039161007
120,Silver Lake,Staten Island,6772.200000000001,7105.299999999999,6884.4,6938.75,-54.350000000000364,-0.00789466039161007
120,St. George,Staten Island,6772.200000000001,7105.299999999999,6884.4,6938.75,-54.350000000000364,-0.00789466039161007
120,Stapleton,Staten Island,6772.200000000001,7105.299999999999,6884.4,6938.75,-54.350000000000364,-0.00789466039161007
120,Sunnyside,Staten Island,6772.200000000001,7105.299999999999,6884.4,6938.75,-54.350000000000364,-0.00789466039161007
120,Tompkinsville,Staten Island,6772.200000000001,7105.299999999999,6884.4,6938.75,-54.350000000000364,-0.00789466039161007
120,West Brighton,Staten Island,6772.200000000001,7105.299999999999,6884.4,6938.75,-54.350000000000364,-0.00789466039161007
52,Bronx Park,Bronx,9567.1,9069.900000000001,9257.6,9318.5,-60.899999999999636,-0.006578378845489072
52,Fordham,Bronx,9567.1,9069.900000000001,9257.6,9318.5,-60.899999999999636,-0.006578378845489072
52,Norwood,Bronx,9567.1,9069.900000000001,9257.6,9318.5,-60.899999999999636,-0.006578378845489072
52,University Heights,Bronx,9567.1,9069.900000000001,9257.6,9318.5,-60.899999999999636,-0.006578378845489072
49,Allerton,Bronx,5779.8,5882.2,5798.8,5831.0,-32.19999999999982,-0.005552873008208563
49,Bronxdale,Bronx,5779.8,5882.2,5798.8,5831.0,-32.19999999999982,-0.005552873008208563
49,Eastchester,Bronx,5779.8,5882.2,5798.8,5831.0,-32.19999999999982,-0.005552873008208563
49,Morris Park,Bronx,5779.8,5882.2,5798.8,5831.0,-32.19999999999982,-0.005552873008208563
49,Pelham Gardens,Bronx,5779.8,5882.2,5798.8,5831.0,-32.19999999999982,-0.005552873008208563
49,Unionport,Bronx,5779.8,5882.2,5798.8,5831.0,-32.19999999999982,-0.005552873008208563
49,Van Nest,Bronx,5779.8,5882.2,5798.8,5831.0,-32.19999999999982,-0.005552873008208563
7,Lower East Side,Manhattan,3970.6,4047.4000000000005,3998.1000000000004,4009.0,-10.899999999999636,-0.002726294990120216
7,Two Bridges,Manhattan,3970.6,4047.4000000000005,3998.1000000000004,4009.0,-10.899999999999636,-0.002726294990120216
1,Battery Park City,Manhattan,5275.1,5699.900000000001,5479.5,5487.5,-8.0,-0.0014599872251117802
1,Ellis Island,Manhattan,5275.1,5699.900000000001,5479.5,5487.5,-8.0,-0.0014599872251117802
1,Financial District,Manhattan,5275.1,5699.900000000001,5479.5,5487.5,-8.0,-0.0014599872251117802
1,Governors Island,Manhattan,5275.1,5699.900000000001,5479.5,5487.5,-8.0,-0.0014599872251117802
1,Liberty Island,Manhattan,5275.1,5699.900000000001,5479.5,5487.5,-8.0,-0.0014599872251117802
1,SoHo,Manhattan,5275.1,5699.900000000001,5479.5,5487.5,-8.0,-0.0014599872251117802
1,Tribeca,Manhattan,5275.1,5699.900000000001,5479.5,5487.5,-8.0,-0.0014599872251117802
34,Inwood,Manhattan,5675.3,5722.500000000001,5709.7,5698.900000000001,10.799999999999272,0.00189151794314925
34,Washington Heights,Manhattan,5675.3,5722.500000000001,5709.7,5698.900000000001,10.799999999999272,0.00189151794314925
104,Forest Park,Queens,5623.9,5475.000000000001,5580.5,5549.450000000001,31.049999999999272,0.005564017561150304
104,Glendale,Queens,5623.9,5475.000000000001,5580.5,5549.450000000001,31.049999999999272,0.005564017561150304
104,Maspeth,Queens,5623.9,5475.000000000001,5580.5,5549.450000000001,31.049999999999272,0.005564017561150304
104,Middle Village,Queens,5623.9,5475.000000000001,5580.5,5549.450000000001,31.049999999999272,0.005564017561150304
104,Ridgewood,Queens,5623.9,5475.000000000001,5580.5,5549.450000000001,31.049999999999272,0.005564017561150304
68,Bay Ridge,Brooklyn,4220.9,4433.3,4351.6,4327.1,24.5,0.005630113061862303
68,Dyker Heights,Brooklyn,4220.9,4433.3,4351.6,4327.1,24.5,0.005630113061862303
68,Fort Hamilton,Brooklyn,4220.9,4433.3,4351.6,4327.1,24.5,0.005630113061862303
109,College Point,Queens,7225.2,7266.8,7306.8,7246.0,60.80000000000018,0.008321016039853312
109,Flushing,Queens,7225.2,7266.8,7306.8,7246.0,60.80000000000018,0.008321016039853312
109,Murray Hill,Queens,7225.2,7266.8,7306.8,7246.0,60.80000000000018,0.008321016039853312
109,Whitestone,Queens,7225.2,7266.8,7306.8,7246.0,60.80000000000018,0.008321016039853312
6,Greenwich Village,Manhattan,4995.200000000001,4485.200000000001,4789.5,4740.200000000001,49.29999999999927,0.010293350036538109
6,West Village,Manhattan,4995.200000000001,4485.200000000001,4789.5,4740.200000000001,49.29999999999927,0.010293350036538109
61,Gerritsen Beach,Brooklyn,5166.5,4733.0,5011.400000000001,4949.75,61.650000000000546,0.012301951550465047
61,Gravesend,Brooklyn,5166.5,4733.0,5011.400000000001,4949.75,61.650000000000546,0.012301951550465047
61,Manhattan Beach,Brooklyn,5166.5,4733.0,5011.400000000001,4949.75,61.650000000000546,0.012301951550465047
61,Plum Beach,Brooklyn,5166.5,4733.0,5011.400000000001,4949.75,61.650000000000546,0.012301951550465047
61,Sheepshead Bay,Brooklyn,5166.5,4733.0,5011.400000000001,4949.75,61.650000000000546,0.012301951550465047
108,Long Island City,Queens,4293.1,4079.6000000000004,4240.3,4186.35,53.94999999999982,0.012723156380444736
108,Woodside,Queens,4293.1,4079.6000000000004,4240.3,4186.35,53.94999999999982,0.012723156380444736
72,Green-Wood Cemetery,Brooklyn,4952.5,4852.2,4976.000000000001,4902.35,73.65000000000055,0.014801045016077277
72,South Slope,Brooklyn,4952.5,4852.2,4976.000000000001,4902.35,73.65000000000055,0.014801045016077277
72,Sunset Park,Brooklyn,4952.5,4852.2,4976.000000000001,4902.35,73.65000000000055,0.014801045016077277
72,Windsor Terrace,Brooklyn,4952.5,4852.2,4976.000000000001,4902.35,73.65000000000055,0.014801045016077277
115,East Elmhurst,Queens,7185.2,7206.799999999999,7305.5,7196.0,109.5,0.014988707138457326
115,Jackson Heights,Queens,7185.2,7206.799999999999,7305.5,7196.0,109.5,0.014988707138457326
115,LaGuardia Airport,Queens,7185.2,7206.799999999999,7305.5,7196.0,109.5,0.014988707138457326
47,Baychester,Bronx,8476.2,9203.1,9040.5,8839.650000000001,200.84999999999854,0.022216691554670487
47,Edenwald,Bronx,8476.2,9203.1,9040.5,8839.650000000001,200.84999999999854,0.022216691554670487
47,Olinville,Bronx,8476.2,9203.1,9040.5,8839.650000000001,200.84999999999854,0.022216691554670487
47,Wakefield,Bronx,8476.2,9203.1,9040.5,8839.650000000001,200.84999999999854,0.022216691554670487
47,Williamsbridge,Bronx,8476.2,9203.1,9040.5,8839.650000000001,200.84999999999854,0.022216691554670487
47,Woodlawn,Bronx,8476.2,9203.1,9040.5,8839.650000000001,200.84999999999854,0.022216691554670487
84,Boerum Hill,Brooklyn,4877.099999999999,5007.0,5060.6,4942.049999999999,118.55000000000109,0.02342607595937262
84,Brooklyn Heights,Brooklyn,4877.099999999999,5007.0,5060.6,4942.049999999999,118.55000000000109,0.02342607595937262
84,DUMBO,Brooklyn,4877.099999999999,5007.0,5060.6,4942.049999999999,118.55000000000109,0.02342607595937262
84,Downtown Brooklyn,Brooklyn,4877.099999999999,5007.0,5060.6,4942.049999999999,118.55000000000109,0.02342607595937262
84,Navy Yard,Brooklyn,4877.099999999999,5007.0,5060.6,4942.049999999999,118.55000000000109,0.02342607595937262
84,Vinegar Hill,Brooklyn,4877.099999999999,5007.0,5060.6,4942.049999999999,118.55000000000109,0.02342607595937262
19,Upper East Side,Manhattan,5318.1,5768.0,5964.5,5543.05,421.4499999999998,0.07065973677592419
20,Upper West Side,Manhattan,3421.5,3517.2999999999997,3958.9000000000005,3469.3999999999996,489.5000000000009,0.12364545707140893
